{
  "act1": {
    "eps_in": 3.869791544275358e-05,
    "eps_out": 0.07664086669683456,
    "D": 65536.0,
    "alpha_out": 255.0
  },
  "act2": {
    "eps_in": 0.0005616139969788492,
    "eps_out": 0.12331904470920563,
    "D": 8192.0,
    "alpha_out": 255.0
  },
  "act3": {
    "eps_in": 0.0009515331475995481,
    "eps_out": 0.19496853649616241,
    "D": 8192.0,
    "alpha_out": 255.0
  },
  "act4": {
    "eps_in": 0.0011449357261881232,
    "eps_out": 0.13429760932922363,
    "D": 4096.0,
    "alpha_out": 255.0
  },
  "act5": {
    "eps_in": 0.00080218689981848,
    "eps_out": 0.10951685905456543,
    "D": 8192.0,
    "alpha_out": 255.0
  }
}